Id,Predicted
0,comedy
1,horror
2,drama
3,horror
4,comedy
5,drama
6,drama
7,drama
8,comedy
9,western
10,romance
11,comedy
12,drama
13,romance
14,drama
15,action
16,comedy
17,drama
18,comedy
19,adventure
20,comedy
21,drama
22,comedy
23,drama
24,drama
25,comedy
26,drama
27,action
28,comedy
29,drama
30,comedy
31,drama
32,drama
33,drama
34,drama
35,drama
36,drama
37,western
38,drama
39,comedy
40,drama
41,comedy
42,comedy
43,action
44,drama
45,comedy
46,drama
47,drama
48,comedy
49,drama
50,drama
51,comedy
52,comedy
53,comedy
54,horror
55,comedy
56,comedy
57,drama
58,drama
59,crime
60,comedy
61,action
62,drama
63,drama
64,comedy
65,drama
66,western
67,drama
68,western
69,crime
70,drama
71,drama
72,drama
73,action
74,action
75,crime
76,drama
77,western
78,comedy
79,comedy
80,western
81,drama
82,drama
83,drama
84,drama
85,crime
86,western
87,comedy
88,drama
89,comedy
90,drama
91,horror
92,comedy
93,comedy
94,drama
95,drama
96,drama
97,western
98,drama
99,drama
100,comedy
101,comedy
102,comedy
103,drama
104,drama
105,comedy
106,comedy
107,drama
108,drama
109,comedy
110,drama
111,drama
112,comedy
113,drama
114,drama
115,drama
116,drama
117,drama
118,drama
119,drama
120,drama
121,comedy
122,romance
123,drama
124,comedy
125,drama
126,comedy
127,drama
128,western
129,drama
130,drama
131,horror
132,comedy
133,comedy
134,horror
135,drama
136,comedy
137,comedy
138,horror
139,comedy
140,western
141,drama
142,comedy
143,drama
144,comedy
145,drama
146,drama
147,drama
148,drama
149,horror
150,drama
151,western
152,comedy
153,comedy
154,comedy
155,drama
156,drama
157,drama
158,horror
159,comedy
160,adventure
161,comedy
162,drama
163,drama
164,drama
165,action
166,comedy
167,action
168,drama
169,drama
170,comedy
171,drama
172,drama
173,comedy
174,drama
175,comedy
176,drama
177,western
178,drama
179,horror
180,drama
181,comedy
182,comedy
183,drama
184,comedy
185,drama
186,drama
187,drama
188,comedy
189,drama
190,comedy
191,action
192,action
193,drama
194,drama
195,drama
196,drama
197,drama
198,horror
199,drama
200,drama
201,western
202,action
203,drama
204,drama
205,horror
206,drama
207,drama
208,horror
209,romance
210,comedy
211,comedy
212,drama
213,drama
214,western
215,drama
216,drama
217,drama
218,action
219,drama
220,comedy
221,drama
222,drama
223,drama
224,drama
225,comedy
226,drama
227,action
228,drama
229,drama
230,horror
231,comedy
232,comedy
233,drama
234,drama
235,drama
236,drama
237,drama
238,drama
239,adventure
240,drama
241,comedy
242,comedy
243,comedy
244,horror
245,drama
246,drama
247,western
248,drama
249,action
250,comedy
251,drama
252,drama
253,comedy
254,western
255,drama
256,comedy
257,drama
258,drama
259,drama
260,comedy
261,drama
262,romance
263,drama
264,action
265,comedy
266,comedy
267,western
268,drama
269,horror
270,drama
271,comedy
272,comedy
273,drama
274,drama
275,drama
276,comedy
277,comedy
278,drama
279,comedy
280,comedy
281,comedy
282,drama
283,drama
284,drama
285,comedy
286,western
287,drama
288,drama
289,drama
290,drama
291,drama
292,comedy
293,thriller
294,drama
295,drama
296,drama
297,western
298,action
299,comedy
300,drama
301,comedy
302,western
303,action
304,comedy
305,comedy
306,drama
307,action
308,comedy
309,comedy
310,comedy
311,comedy
312,comedy
313,drama
314,comedy
315,drama
316,comedy
317,drama
318,adventure
319,drama
320,comedy
321,drama
322,drama
323,drama
324,drama
325,drama
326,comedy
327,horror
328,drama
329,drama
330,western
331,drama
332,drama
333,drama
334,comedy
335,horror
336,drama
337,comedy
338,drama
339,drama
340,horror
341,drama
342,western
343,drama
344,western
345,drama
346,crime
347,drama
348,drama
349,action
350,drama
351,drama
352,drama
353,drama
354,drama
355,drama
356,comedy
357,drama
358,comedy
359,drama
360,drama
361,crime
362,drama
363,horror
364,drama
365,comedy
366,comedy
367,western
368,western
369,horror
370,drama
371,drama
372,western
373,comedy
374,thriller
375,comedy
376,western
377,western
378,drama
379,comedy
380,comedy
381,action
382,drama
383,horror
384,drama
385,western
386,comedy
387,drama
388,comedy
389,action
390,drama
391,western
392,drama
393,comedy
394,comedy
395,crime
396,comedy
397,comedy
398,drama
399,drama
400,comedy
401,comedy
402,comedy
403,comedy
404,horror
405,drama
406,drama
407,drama
408,drama
409,drama
410,drama
411,drama
412,horror
413,drama
414,drama
415,comedy
416,comedy
417,drama
418,drama
419,drama
420,drama
421,drama
422,drama
423,comedy
424,comedy
425,drama
426,drama
427,drama
428,drama
429,horror
430,drama
431,comedy
432,horror
433,western
434,comedy
435,action
436,drama
437,drama
438,drama
439,drama
440,drama
441,comedy
442,comedy
443,comedy
444,drama
445,drama
446,drama
447,horror
448,comedy
449,comedy
450,drama
451,western
452,drama
453,action
454,thriller
455,drama
456,action
457,adventure
458,comedy
459,horror
460,drama
461,drama
462,western
463,drama
464,drama
465,western
466,horror
467,western
468,drama
469,comedy
470,comedy
471,drama
472,horror
473,comedy
474,horror
475,comedy
476,drama
477,action
478,drama
479,action
480,comedy
481,action
482,adventure
483,drama
484,comedy
485,comedy
486,action
487,western
488,drama
489,action
490,comedy
491,horror
492,romance
493,comedy
494,adventure
495,comedy
496,drama
497,crime
498,drama
499,comedy
500,comedy
501,drama
502,drama
503,drama
504,comedy
505,drama
506,drama
507,romance
508,romance
509,comedy
510,drama
511,drama
512,comedy
513,horror
514,drama
515,drama
516,drama
517,comedy
518,drama
519,comedy
520,western
521,comedy
522,drama
523,drama
524,comedy
525,drama
526,romance
527,drama
528,drama
529,horror
530,drama
531,drama
532,drama
533,romance
534,drama
535,comedy
536,drama
537,drama
538,drama
539,drama
540,drama
541,comedy
542,comedy
543,comedy
544,comedy
545,drama
546,comedy
547,comedy
548,drama
549,drama
550,drama
551,horror
552,drama
553,drama
554,drama
555,drama
556,western
557,drama
558,comedy
559,western
560,drama
561,drama
562,drama
563,drama
564,drama
565,drama
566,drama
567,drama
568,comedy
569,comedy
570,western
571,action
572,comedy
573,comedy
574,drama
575,drama
576,western
577,drama
578,drama
579,comedy
580,drama
581,comedy
582,drama
583,drama
584,drama
585,drama
586,drama
587,comedy
588,drama
589,drama
590,action
591,drama
592,drama
593,drama
594,comedy
595,comedy
596,drama
597,drama
598,crime
599,comedy
600,drama
601,western
602,romance
603,drama
604,drama
605,drama
606,drama
607,horror
608,horror
609,action
610,drama
611,drama
612,drama
613,drama
614,drama
615,drama
616,drama
617,drama
618,drama
619,romance
620,comedy
621,comedy
622,comedy
623,comedy
624,romance
625,drama
626,drama
627,drama
628,horror
629,comedy
630,drama
631,comedy
632,action
633,drama
634,drama
635,comedy
636,horror
637,drama
638,horror
639,thriller
640,drama
641,comedy
642,drama
643,drama
644,drama
645,action
646,action
647,drama
648,drama
649,drama
650,drama
651,drama
652,comedy
653,drama
654,horror
655,drama
656,drama
657,drama
658,thriller
659,comedy
660,action
661,drama
662,horror
663,drama
664,comedy
665,drama
666,horror
667,drama
668,comedy
669,drama
670,drama
671,comedy
672,comedy
673,drama
674,comedy
675,comedy
676,drama
677,drama
678,drama
679,drama
680,comedy
681,comedy
682,western
683,western
684,drama
685,adventure
686,romance
687,action
688,drama
689,drama
690,western
691,drama
692,romance
693,action
694,romance
695,drama
696,drama
697,drama
698,comedy
699,drama
700,comedy
701,comedy
702,western
703,drama
704,drama
705,comedy
706,comedy
707,crime
708,drama
709,comedy
710,drama
711,drama
712,comedy
713,drama
714,drama
715,comedy
716,comedy
717,drama
718,comedy
719,comedy
720,comedy
721,comedy
722,comedy
723,western
724,drama
725,drama
726,drama
727,drama
728,comedy
729,comedy
730,drama
731,drama
732,adventure
733,drama
734,western
735,drama
736,drama
737,drama
738,drama
739,western
740,comedy
741,drama
742,comedy
743,drama
744,comedy
745,comedy
746,comedy
747,comedy
748,drama
749,horror
750,drama
751,horror
752,comedy
753,drama
754,action
755,drama
756,drama
757,western
758,western
759,comedy
760,comedy
761,drama
762,drama
763,drama
764,drama
765,drama
766,drama
767,drama
768,drama
769,adventure
770,drama
771,drama
772,drama
773,drama
774,horror
775,comedy
776,drama
777,comedy
778,western
779,comedy
780,drama
781,drama
782,comedy
783,drama
784,comedy
785,drama
786,western
787,drama
788,action
789,horror
790,western
791,drama
792,horror
793,comedy
794,comedy
795,drama
796,comedy
797,drama
798,drama
799,comedy
800,drama
801,drama
802,comedy
803,drama
804,drama
805,comedy
806,comedy
807,comedy
808,drama
809,drama
810,drama
811,comedy
812,comedy
813,drama
814,comedy
815,drama
816,drama
817,comedy
818,drama
819,horror
820,comedy
821,comedy
822,drama
823,drama
824,drama
825,comedy
826,drama
827,drama
828,drama
829,drama
830,drama
831,comedy
832,comedy
833,western
834,comedy
835,horror
836,drama
837,comedy
838,action
839,comedy
840,comedy
841,drama
842,comedy
843,horror
844,western
845,drama
846,comedy
847,drama
848,horror
849,romance
850,thriller
851,comedy
852,western
853,comedy
854,drama
855,comedy
856,comedy
857,romance
858,drama
859,drama
860,action
861,western
862,drama
863,drama
864,comedy
865,drama
866,drama
867,romance
868,drama
869,horror
870,western
871,drama
872,western
873,drama
874,action
875,drama
876,drama
877,horror
878,drama
879,drama
880,drama
881,drama
882,drama
883,drama
884,horror
885,western
886,drama
887,horror
888,comedy
889,action
890,drama
891,comedy
892,comedy
893,action
894,action
895,comedy
896,drama
897,drama
898,drama
899,comedy
900,drama
901,drama
902,western
903,drama
904,drama
905,comedy
906,horror
907,drama
908,western
909,comedy
910,horror
911,drama
912,drama
913,drama
914,drama
915,drama
916,horror
917,drama
918,drama
919,drama
920,drama
921,action
922,comedy
923,drama
924,drama
925,drama
926,comedy
927,drama
928,action
929,drama
930,drama
931,drama
932,drama
933,drama
934,horror
935,comedy
936,comedy
937,action
938,comedy
939,drama
940,drama
941,comedy
942,drama
943,comedy
944,drama
945,drama
946,drama
947,drama
948,drama
949,comedy
950,comedy
951,comedy
952,drama
953,drama
954,romance
955,comedy
956,drama
957,drama
958,horror
959,action
960,comedy
961,drama
962,drama
963,drama
964,horror
965,drama
966,comedy
967,comedy
968,drama
969,comedy
970,drama
971,horror
972,comedy
973,western
974,comedy
975,comedy
976,comedy
977,drama
978,western
979,drama
980,drama
981,drama
982,comedy
983,comedy
984,comedy
985,drama
986,comedy
987,drama
988,drama
989,action
990,action
991,action
992,comedy
993,drama
994,comedy
995,comedy
996,comedy
997,drama
998,comedy
999,drama
1000,comedy
1001,drama
1002,drama
1003,drama
1004,romance
1005,drama
1006,drama
1007,romance
1008,drama
1009,drama
1010,comedy
1011,drama
1012,horror
1013,crime
1014,western
1015,drama
1016,drama
1017,comedy
1018,horror
1019,comedy
1020,drama
1021,horror
1022,comedy
1023,drama
1024,comedy
1025,horror
1026,comedy
1027,action
1028,comedy
1029,horror
1030,drama
1031,drama
1032,drama
1033,drama
1034,action
1035,drama
1036,drama
1037,drama
1038,comedy
1039,comedy
1040,adventure
1041,drama
1042,drama
1043,thriller
1044,drama
1045,horror
1046,romance
1047,drama
1048,comedy
1049,drama
1050,romance
1051,drama
1052,comedy
1053,comedy
1054,drama
1055,comedy
1056,horror
1057,comedy
1058,western
1059,comedy
1060,action
1061,drama
1062,drama
1063,drama
1064,drama
1065,drama
1066,comedy
1067,drama
1068,comedy
1069,comedy
1070,comedy
1071,adventure
1072,western
1073,comedy
1074,drama
1075,romance
1076,comedy
1077,western
1078,drama
1079,comedy
1080,romance
1081,western
1082,horror
1083,drama
1084,western
1085,drama
1086,comedy
1087,drama
1088,western
1089,horror
1090,drama
1091,comedy
1092,drama
1093,drama
1094,action
1095,horror
1096,drama
1097,western
1098,drama
1099,comedy
1100,thriller
1101,action
1102,action
1103,western
1104,comedy
1105,horror
1106,horror
1107,drama
1108,drama
1109,western
1110,horror
1111,drama
1112,comedy
1113,drama
1114,comedy
1115,drama
1116,drama
1117,drama
1118,drama
1119,western
1120,horror
1121,drama
1122,drama
1123,western
1124,drama
1125,drama
1126,comedy
1127,drama
1128,comedy
1129,comedy
1130,drama
1131,drama
1132,drama
1133,drama
1134,romance
1135,horror
1136,action
1137,comedy
1138,drama
1139,comedy
1140,drama
1141,drama
1142,drama
1143,drama
1144,drama
1145,comedy
1146,drama
1147,drama
1148,drama
1149,drama
1150,comedy
1151,drama
1152,comedy
1153,action
1154,horror
1155,comedy
1156,comedy
1157,drama
1158,action
1159,comedy
1160,drama
1161,drama
1162,comedy
1163,comedy
1164,adventure
1165,drama
1166,comedy
1167,drama
1168,drama
1169,drama
1170,western
1171,drama
1172,comedy
1173,thriller
1174,drama
1175,drama
1176,drama
1177,drama
1178,comedy
1179,drama
1180,horror
1181,drama
1182,action
1183,drama
1184,drama
1185,drama
1186,western
1187,drama
1188,drama
1189,western
1190,drama
1191,drama
1192,drama
1193,drama
1194,horror
1195,comedy
1196,comedy
1197,comedy
1198,comedy
1199,drama
1200,drama
1201,comedy
1202,romance
1203,drama
1204,drama
1205,drama
1206,horror
1207,drama
1208,comedy
1209,comedy
1210,comedy
1211,comedy
1212,drama
1213,comedy
1214,comedy
1215,western
1216,comedy
1217,drama
1218,comedy
1219,drama
1220,drama
1221,drama
1222,drama
1223,drama
1224,comedy
1225,drama
1226,comedy
1227,action
1228,drama
1229,comedy
1230,action
1231,drama
1232,romance
1233,comedy
1234,drama
1235,drama
1236,horror
1237,horror
1238,drama
1239,western
1240,comedy
1241,drama
1242,action
1243,comedy
1244,horror
1245,western
1246,comedy
1247,drama
1248,comedy
1249,drama
1250,adventure
1251,action
1252,western
1253,comedy
1254,action
1255,western
1256,drama
1257,drama
1258,romance
1259,comedy
1260,drama
1261,drama
1262,drama
1263,horror
1264,drama
1265,romance
1266,action
1267,drama
1268,drama
1269,comedy
1270,horror
1271,drama
1272,comedy
1273,comedy
1274,drama
1275,comedy
1276,comedy
1277,drama
1278,comedy
1279,drama
1280,comedy
1281,drama
1282,comedy
1283,western
1284,drama
1285,comedy
1286,drama
1287,drama
1288,comedy
1289,comedy
1290,comedy
1291,comedy
1292,drama
1293,drama
1294,western
1295,comedy
1296,comedy
1297,comedy
1298,comedy
1299,drama
1300,drama
1301,drama
1302,comedy
1303,drama
1304,horror
1305,drama
1306,drama
1307,crime
1308,drama
1309,drama
1310,drama
1311,drama
1312,drama
1313,comedy
1314,western
1315,action
1316,comedy
1317,drama
1318,comedy
1319,western
1320,action
1321,comedy
1322,drama
1323,drama
1324,comedy
1325,drama
1326,drama
1327,drama
1328,drama
1329,comedy
1330,comedy
1331,comedy
1332,western
1333,action
1334,comedy
1335,drama
1336,comedy
1337,horror
1338,comedy
1339,drama
1340,horror
1341,comedy
1342,drama
1343,comedy
1344,horror
1345,horror
1346,drama
1347,comedy
1348,drama
1349,horror
1350,drama
1351,drama
1352,drama
1353,comedy
1354,comedy
1355,horror
1356,drama
1357,drama
1358,drama
1359,action
1360,drama
1361,drama
1362,comedy
1363,drama
1364,drama
1365,comedy
1366,drama
1367,comedy
1368,comedy
1369,drama
1370,drama
1371,drama
1372,comedy
1373,comedy
1374,comedy
1375,horror
1376,comedy
1377,comedy
1378,thriller
1379,drama
1380,horror
1381,drama
1382,comedy
1383,drama
1384,drama
1385,comedy
1386,comedy
1387,action
1388,drama
1389,comedy
1390,drama
1391,comedy
1392,western
1393,drama
1394,comedy
1395,comedy
1396,drama
1397,thriller
1398,drama
1399,comedy
1400,comedy
1401,drama
1402,drama
1403,comedy
1404,drama
1405,drama
1406,drama
1407,drama
1408,western
1409,western
1410,drama
1411,drama
1412,comedy
1413,action
1414,drama
1415,drama
1416,comedy
1417,drama
1418,drama
1419,western
1420,drama
1421,drama
1422,drama
1423,western
1424,western
1425,comedy
1426,horror
1427,drama
1428,comedy
1429,drama
1430,drama
1431,comedy
1432,drama
1433,drama
1434,drama
1435,drama
1436,drama
1437,western
1438,drama
1439,drama
1440,drama
1441,comedy
1442,comedy
1443,drama
1444,action
1445,western
1446,western
1447,drama
1448,drama
1449,comedy
1450,action
1451,horror
1452,drama
1453,drama
1454,comedy
1455,horror
1456,comedy
1457,drama
1458,drama
1459,drama
1460,drama
1461,drama
1462,drama
1463,drama
1464,drama
1465,comedy
1466,comedy
1467,comedy
1468,drama
1469,drama
1470,drama
1471,comedy
1472,drama
1473,comedy
1474,crime
1475,drama
1476,drama
1477,drama
1478,drama
1479,horror
1480,western
1481,western
1482,comedy
1483,drama
1484,romance
1485,drama
1486,comedy
1487,horror
1488,drama
1489,drama
1490,drama
1491,horror
1492,western
1493,drama
1494,drama
1495,drama
1496,comedy
1497,drama
1498,adventure
1499,western
1500,drama
1501,horror
1502,drama
1503,drama
1504,western
1505,comedy
1506,romance
1507,horror
1508,drama
1509,drama
1510,drama
1511,drama
1512,comedy
1513,drama
1514,drama
1515,comedy
1516,drama
1517,drama
1518,comedy
1519,drama
1520,comedy
1521,drama
1522,comedy
1523,comedy
1524,comedy
1525,drama
1526,horror
1527,comedy
1528,drama
1529,drama
1530,adventure
1531,drama
1532,crime
1533,action
1534,horror
1535,drama
1536,drama
1537,horror
1538,western
1539,drama
1540,drama
1541,action
1542,drama
1543,comedy
1544,comedy
1545,western
1546,drama
1547,action
1548,drama
1549,romance
1550,comedy
1551,drama
1552,drama
1553,drama
1554,comedy
1555,comedy
1556,drama
1557,drama
1558,horror
1559,drama
1560,crime
1561,drama
1562,drama
1563,action
1564,drama
1565,horror
1566,drama
1567,drama
1568,romance
1569,drama
1570,drama
1571,drama
1572,comedy
1573,comedy
1574,drama
1575,horror
1576,western
1577,drama
1578,comedy
1579,drama
1580,comedy
1581,drama
1582,drama
1583,action
1584,comedy
1585,horror
1586,drama
1587,romance
1588,drama
1589,comedy
1590,comedy
1591,western
1592,comedy
1593,drama
1594,comedy
1595,horror
1596,western
1597,drama
1598,comedy
1599,drama
1600,comedy
1601,drama
1602,drama
1603,drama
1604,comedy
1605,comedy
1606,drama
1607,drama
1608,drama
1609,horror
1610,western
1611,drama
1612,drama
1613,horror
1614,drama
1615,action
1616,western
1617,comedy
1618,drama
1619,comedy
1620,drama
1621,action
1622,comedy
1623,western
1624,comedy
1625,drama
1626,comedy
1627,western
1628,drama
1629,drama
1630,drama
1631,drama
1632,comedy
1633,comedy
1634,drama
1635,comedy
1636,drama
1637,comedy
1638,horror
1639,drama
1640,drama
1641,crime
1642,horror
1643,drama
1644,drama
1645,comedy
1646,drama
1647,horror
1648,comedy
1649,drama
1650,thriller
1651,drama
1652,drama
1653,drama
1654,drama
1655,action
1656,horror
1657,drama
1658,horror
1659,comedy
1660,comedy
1661,comedy
1662,horror
1663,action
1664,comedy
1665,comedy
1666,crime
1667,western
1668,comedy
1669,horror
1670,drama
1671,drama
1672,horror
1673,comedy
1674,comedy
1675,drama
1676,western
1677,horror
1678,drama
1679,western
1680,crime
1681,romance
1682,horror
1683,comedy
1684,drama
1685,drama
1686,western
1687,romance
1688,horror
1689,drama
1690,comedy
1691,drama
1692,western
1693,drama
1694,romance
1695,comedy
1696,comedy
1697,western
1698,comedy
1699,horror
1700,comedy
1701,drama
1702,western
1703,drama
1704,drama
1705,adventure
1706,action
1707,drama
1708,drama
1709,action
1710,horror
1711,drama
1712,drama
1713,horror
1714,drama
1715,western
1716,drama
1717,comedy
1718,drama
1719,drama
1720,drama
1721,comedy
1722,drama
1723,comedy
1724,drama
1725,comedy
1726,drama
1727,comedy
1728,comedy
1729,action
1730,drama
1731,western
1732,drama
1733,thriller
1734,horror
1735,western
1736,comedy
1737,comedy
1738,drama
1739,romance
1740,drama
1741,drama
1742,comedy
1743,romance
1744,comedy
1745,drama
1746,drama
1747,drama
1748,drama
1749,drama
1750,action
1751,thriller
1752,drama
1753,western
1754,comedy
1755,comedy
1756,drama
1757,comedy
1758,drama
1759,comedy
1760,action
1761,drama
1762,comedy
1763,comedy
1764,comedy
1765,drama
1766,comedy
1767,drama
1768,drama
1769,drama
1770,comedy
1771,drama
1772,comedy
1773,comedy
1774,comedy
1775,drama
1776,drama
1777,drama
1778,horror
1779,comedy
1780,comedy
1781,drama
1782,drama
1783,drama
1784,drama
1785,drama
1786,drama
1787,drama
1788,adventure
1789,crime
1790,western
1791,comedy
1792,drama
1793,horror
1794,comedy
1795,drama
1796,comedy
1797,horror
1798,horror
1799,action
1800,comedy
1801,comedy
1802,comedy
1803,romance
1804,comedy
1805,horror
1806,horror
1807,drama
1808,drama
1809,horror
1810,horror
1811,horror
1812,drama
1813,comedy
1814,western
1815,drama
1816,comedy
1817,drama
1818,drama
1819,horror
1820,comedy
1821,drama
1822,comedy
1823,comedy
1824,drama
1825,western
1826,drama
1827,comedy
1828,horror
1829,drama
1830,western
1831,horror
1832,romance
1833,comedy
1834,drama
1835,drama
1836,comedy
1837,romance
1838,drama
1839,comedy
1840,comedy
1841,drama
1842,drama
1843,comedy
1844,drama
1845,horror
1846,horror
1847,horror
1848,drama
1849,drama
1850,adventure
1851,comedy
1852,drama
1853,drama
1854,drama
1855,romance
1856,comedy
1857,comedy
1858,drama
1859,action
1860,drama
1861,comedy
1862,comedy
1863,comedy
1864,action
1865,action
1866,romance
1867,drama
1868,comedy
1869,comedy
1870,drama
1871,comedy
1872,romance
1873,comedy
1874,drama
1875,drama
1876,drama
1877,drama
1878,comedy
1879,drama
1880,drama
1881,drama
1882,drama
1883,action
1884,drama
1885,western
1886,drama
1887,drama
1888,adventure
1889,comedy
1890,action
1891,horror
1892,drama
1893,comedy
1894,romance
1895,drama
1896,adventure
1897,action
1898,action
1899,western
1900,drama
1901,comedy
1902,thriller
1903,western
1904,drama
1905,drama
1906,drama
1907,horror
1908,comedy
1909,comedy
1910,comedy
1911,comedy
1912,comedy
1913,comedy
1914,comedy
1915,drama
1916,romance
1917,comedy
1918,comedy
1919,drama
1920,horror
1921,western
1922,comedy
1923,comedy
1924,action
1925,drama
1926,comedy
1927,drama
1928,horror
1929,drama
1930,drama
1931,horror
1932,comedy
1933,drama
1934,western
1935,horror
1936,drama
1937,drama
1938,drama
1939,comedy
1940,comedy
1941,drama
1942,western
1943,drama
1944,comedy
1945,comedy
1946,western
1947,drama
1948,action
1949,comedy
1950,horror
1951,drama
1952,drama
1953,drama
1954,comedy
1955,drama
1956,comedy
1957,drama
1958,comedy
1959,comedy
1960,comedy
1961,drama
1962,comedy
1963,drama
1964,action
1965,comedy
1966,horror
1967,comedy
1968,drama
1969,action
1970,drama
1971,drama
1972,comedy
1973,drama
1974,drama
1975,thriller
1976,comedy
1977,drama
1978,drama
1979,drama
1980,comedy
1981,drama
1982,drama
1983,action
1984,comedy
1985,comedy
1986,drama
1987,action
1988,western
1989,comedy
1990,comedy
1991,romance
1992,drama
1993,comedy
1994,comedy
1995,comedy
1996,romance
1997,drama
1998,comedy
1999,drama
2000,comedy
2001,comedy
2002,drama
2003,comedy
2004,comedy
2005,comedy
2006,drama
2007,comedy
2008,comedy
2009,thriller
2010,drama
2011,comedy
2012,drama
2013,action
2014,drama
2015,drama
2016,comedy
2017,drama
2018,comedy
2019,drama
2020,drama
2021,drama
2022,drama
2023,drama
2024,comedy
2025,drama
2026,drama
2027,western
2028,horror
2029,drama
2030,drama
2031,drama
2032,western
2033,comedy
2034,drama
2035,horror
2036,drama
2037,horror
2038,drama
2039,comedy
2040,action
2041,drama
2042,drama
2043,action
2044,drama
2045,comedy
2046,action
2047,drama
2048,drama
2049,comedy
2050,comedy
2051,western
2052,western
2053,drama
2054,drama
2055,comedy
2056,drama
2057,drama
2058,drama
2059,horror
2060,action
2061,horror
2062,comedy
2063,comedy
2064,comedy
2065,drama
2066,comedy
2067,comedy
2068,drama
2069,action
2070,comedy
2071,romance
2072,drama
2073,drama
2074,drama
2075,comedy
2076,comedy
2077,drama
2078,drama
2079,drama
2080,drama
2081,drama
2082,drama
2083,drama
2084,comedy
2085,horror
2086,comedy
2087,drama
2088,drama
2089,drama
2090,drama
2091,drama
2092,horror
2093,comedy
2094,drama
2095,drama
2096,drama
2097,action
2098,romance
2099,comedy
2100,horror
2101,comedy
2102,drama
2103,drama
2104,horror
2105,comedy
2106,action
2107,drama
2108,drama
2109,drama
2110,action
2111,drama
2112,comedy
2113,drama
2114,drama
2115,comedy
2116,comedy
2117,drama
2118,drama
2119,drama
2120,thriller
2121,western
2122,comedy
2123,drama
2124,comedy
2125,drama
2126,drama
2127,drama
2128,drama
2129,comedy
2130,comedy
2131,comedy
2132,drama
2133,drama
2134,drama
2135,comedy
2136,action
2137,comedy
2138,comedy
2139,comedy
2140,drama
2141,drama
2142,western
2143,drama
2144,comedy
2145,thriller
2146,drama
2147,comedy
2148,drama
2149,drama
2150,drama
2151,western
2152,drama
2153,horror
2154,drama
2155,drama
2156,romance
2157,action
2158,drama
2159,horror
2160,drama
2161,comedy
2162,drama
2163,drama
2164,action
2165,comedy
2166,drama
2167,comedy
2168,comedy
2169,comedy
2170,comedy
2171,drama
2172,comedy
2173,drama
2174,drama
2175,comedy
2176,drama
2177,drama
2178,drama
2179,drama
2180,drama
2181,comedy
2182,drama
2183,drama
2184,drama
2185,comedy
2186,drama
2187,western
2188,comedy
2189,western
2190,drama
2191,comedy
2192,comedy
2193,comedy
2194,comedy
2195,drama
2196,drama
2197,romance
2198,drama
2199,comedy
2200,drama
2201,western
2202,comedy
2203,western
2204,drama
2205,drama
2206,comedy
2207,drama
2208,drama
2209,drama
2210,comedy
2211,comedy
2212,drama
2213,comedy
2214,drama
2215,western
2216,drama
2217,comedy
2218,drama
2219,comedy
2220,drama
2221,comedy
2222,drama
2223,comedy
2224,drama
2225,drama
2226,adventure
2227,comedy
2228,drama
2229,drama
2230,drama
2231,comedy
2232,comedy
2233,action
2234,comedy
2235,thriller
2236,drama
2237,drama
2238,comedy
2239,drama
2240,action
2241,comedy
2242,action
2243,drama
2244,comedy
2245,comedy
2246,drama
2247,comedy
2248,comedy
2249,comedy
2250,romance
2251,horror
2252,drama
2253,western
2254,drama
2255,comedy
2256,drama
2257,horror
2258,thriller
2259,comedy
2260,thriller
2261,comedy
2262,drama
2263,comedy
2264,western
2265,drama
2266,drama
2267,drama
2268,comedy
2269,drama
2270,drama
2271,drama
2272,drama
2273,comedy
2274,drama
2275,drama
2276,western
2277,horror
2278,drama
2279,comedy
2280,horror
2281,comedy
2282,drama
2283,drama
2284,comedy
2285,drama
2286,comedy
2287,comedy
2288,drama
2289,drama
2290,drama
2291,drama
2292,comedy
2293,western
2294,drama
2295,comedy
2296,comedy
2297,comedy
2298,drama
2299,drama
2300,drama
2301,drama
2302,comedy
2303,drama
2304,comedy
2305,western
2306,comedy
2307,action
2308,comedy
2309,comedy
2310,horror
2311,comedy
2312,drama
2313,drama
2314,horror
2315,drama
2316,comedy
2317,drama
2318,comedy
2319,comedy
2320,comedy
2321,comedy
2322,horror
2323,drama
2324,comedy
2325,drama
2326,comedy
2327,drama
2328,comedy
2329,drama
2330,comedy
2331,comedy
2332,drama
2333,comedy
2334,crime
2335,comedy
2336,drama
2337,romance
2338,drama
2339,drama
2340,adventure
2341,drama
2342,drama
2343,drama
2344,action
2345,action
2346,adventure
2347,comedy
2348,romance
2349,drama
2350,comedy
2351,drama
2352,comedy
2353,drama
2354,drama
2355,comedy
2356,comedy
2357,drama
2358,horror
2359,comedy
2360,romance
2361,comedy
2362,horror
2363,comedy
2364,drama
2365,drama
2366,adventure
2367,drama
2368,drama
2369,comedy
2370,action
2371,western
2372,drama
2373,drama
2374,drama
2375,western
2376,adventure
2377,western
2378,comedy
2379,comedy
2380,drama
2381,action
2382,drama
2383,drama
2384,drama
2385,drama
2386,drama
2387,drama
2388,horror
2389,comedy
2390,drama
2391,drama
2392,drama
2393,comedy
2394,drama
2395,horror
2396,western
2397,comedy
2398,drama
2399,western
2400,drama
2401,romance
2402,action
2403,horror
2404,drama
2405,comedy
2406,drama
2407,horror
2408,action
2409,drama
2410,drama
2411,western
2412,drama
2413,drama
2414,action
2415,drama
2416,drama
2417,western
2418,comedy
2419,drama
2420,drama
2421,drama
2422,drama
2423,comedy
2424,drama
2425,western
2426,horror
2427,comedy
2428,drama
2429,drama
2430,drama
2431,action
2432,drama
2433,comedy
2434,comedy
2435,comedy
2436,drama
2437,drama
2438,comedy
2439,comedy
2440,drama
2441,comedy
2442,comedy
2443,horror
2444,drama
2445,comedy
2446,comedy
2447,drama
2448,horror
2449,horror
2450,comedy
2451,adventure
2452,drama
2453,comedy
2454,drama
2455,comedy
2456,thriller
2457,drama
2458,drama
2459,drama
2460,comedy
2461,crime
2462,drama
2463,comedy
2464,drama
2465,comedy
2466,romance
2467,horror
2468,drama
2469,drama
2470,comedy
2471,comedy
2472,drama
2473,drama
2474,adventure
2475,comedy
2476,comedy
2477,drama
2478,comedy
2479,crime
2480,drama
2481,drama
2482,comedy
2483,drama
2484,comedy
2485,drama
2486,drama
2487,drama
2488,drama
2489,comedy
2490,drama
2491,action
2492,horror
2493,drama
2494,western
2495,horror
2496,drama
2497,drama
2498,drama
2499,adventure
2500,drama
2501,comedy
2502,western
2503,comedy
2504,drama
2505,horror
2506,comedy
2507,drama
2508,horror
2509,western
2510,horror
2511,drama
2512,drama
2513,comedy
2514,drama
2515,romance
2516,romance
2517,horror
2518,comedy
2519,comedy
2520,action
2521,western
2522,horror
2523,comedy
2524,drama
2525,drama
2526,drama
2527,drama
2528,comedy
2529,comedy
2530,drama
2531,action
2532,comedy
2533,drama
2534,drama
2535,comedy
2536,comedy
2537,drama
2538,western
2539,comedy
2540,comedy
2541,drama
2542,drama
2543,western
2544,horror
2545,drama
2546,horror
2547,drama
2548,drama
2549,drama
2550,romance
2551,comedy
2552,drama
2553,comedy
2554,action
2555,comedy
2556,crime
2557,action
2558,comedy
2559,comedy
2560,comedy
2561,drama
2562,drama
2563,drama
2564,action
2565,adventure
2566,western
2567,action
2568,drama
2569,drama
2570,drama
2571,comedy
2572,comedy
2573,comedy
2574,drama
2575,drama
2576,drama
2577,romance
2578,comedy
2579,drama
2580,horror
2581,comedy
2582,crime
2583,action
2584,comedy
2585,drama
2586,comedy
2587,drama
2588,drama
2589,drama
2590,drama
2591,drama
2592,comedy
2593,horror
2594,comedy
2595,comedy
2596,drama
2597,action
2598,comedy
2599,comedy
2600,drama
2601,comedy
2602,horror
2603,drama
2604,horror
2605,drama
2606,drama
2607,thriller
2608,comedy
2609,drama
2610,drama
2611,drama
2612,action
2613,romance
2614,comedy
2615,horror
2616,drama
2617,drama
2618,comedy
2619,horror
2620,thriller
2621,comedy
2622,action
2623,drama
2624,comedy
2625,comedy
2626,drama
2627,western
2628,crime
2629,drama
2630,drama
2631,drama
2632,drama
2633,comedy
2634,horror
2635,drama
2636,comedy
2637,western
2638,drama
2639,drama
2640,horror
2641,comedy
2642,western
2643,drama
2644,comedy
2645,thriller
2646,drama
2647,horror
2648,action
2649,drama
2650,horror
2651,drama
2652,drama
2653,drama
2654,drama
2655,drama
2656,drama
2657,comedy
2658,comedy
2659,drama
2660,drama
2661,drama
2662,drama
2663,comedy
2664,drama
2665,drama
2666,drama
2667,drama
2668,drama
2669,drama
2670,action
2671,adventure
2672,drama
2673,comedy
2674,drama
2675,comedy
2676,drama
2677,drama
2678,western
2679,drama
2680,comedy
2681,comedy
2682,action
2683,romance
2684,drama
2685,drama
2686,drama
2687,drama
2688,drama
2689,western
2690,western
2691,comedy
2692,drama
2693,western
2694,comedy
2695,comedy
2696,comedy
2697,drama
2698,comedy
2699,comedy
2700,western
2701,comedy
2702,drama
2703,western
2704,horror
2705,drama
2706,western
2707,drama
2708,drama
2709,comedy
2710,drama
2711,comedy
2712,drama
2713,drama
2714,western
2715,horror
2716,action
2717,crime
2718,drama
2719,drama
2720,comedy
2721,drama
2722,drama
2723,romance
2724,comedy
2725,drama
2726,comedy
2727,drama
2728,comedy
2729,drama
2730,horror
2731,drama
2732,action
2733,drama
2734,comedy
2735,drama
2736,comedy
2737,drama
2738,western
2739,drama
2740,action
2741,drama
2742,drama
2743,comedy
2744,crime
2745,comedy
2746,drama
2747,drama
2748,drama
2749,adventure
2750,drama
2751,drama
2752,thriller
2753,horror
2754,western
2755,drama
2756,horror
2757,drama
2758,drama
2759,western
2760,horror
2761,comedy
2762,comedy
2763,drama
2764,comedy
2765,comedy
2766,comedy
2767,drama
2768,drama
2769,drama
2770,comedy
2771,comedy
2772,romance
2773,drama
2774,western
2775,western
2776,drama
2777,drama
2778,drama
2779,action
2780,horror
2781,drama
2782,drama
2783,drama
2784,horror
2785,drama
2786,horror
2787,drama
2788,drama
2789,comedy
2790,comedy
2791,drama
2792,romance
2793,drama
2794,horror
2795,drama
2796,drama
2797,drama
2798,drama
2799,comedy
2800,drama
2801,drama
2802,drama
2803,drama
2804,western
2805,horror
2806,western
2807,thriller
2808,western
2809,drama
2810,action
2811,drama
2812,horror
2813,horror
2814,horror
2815,drama
2816,comedy
2817,drama
2818,drama
2819,action
2820,comedy
2821,drama
2822,drama
2823,comedy
2824,comedy
2825,drama
2826,drama
2827,drama
2828,comedy
2829,comedy
2830,horror
2831,action
2832,comedy
2833,comedy
2834,comedy
2835,drama
2836,drama
2837,comedy
2838,comedy
2839,comedy
2840,comedy
2841,comedy
2842,drama
2843,horror
2844,comedy
2845,western
2846,comedy
2847,comedy
2848,drama
2849,comedy
2850,comedy
2851,comedy
2852,drama
2853,drama
2854,comedy
2855,drama
2856,drama
2857,horror
2858,drama
2859,adventure
2860,horror
2861,drama
2862,horror
2863,comedy
2864,comedy
2865,romance
2866,comedy
2867,comedy
2868,comedy
2869,drama
2870,comedy
2871,drama
2872,comedy
2873,drama
2874,comedy
2875,western
2876,drama
2877,drama
2878,drama
2879,horror
2880,comedy
2881,horror
2882,comedy
2883,drama
2884,horror
2885,drama
2886,western
2887,comedy
2888,drama
2889,comedy
2890,comedy
2891,drama
2892,drama
2893,comedy
2894,comedy
2895,drama
2896,horror
2897,drama
2898,comedy
2899,drama
2900,drama
2901,comedy
2902,comedy
2903,western
2904,horror
2905,comedy
2906,comedy
2907,horror
2908,drama
2909,crime
2910,drama
2911,drama
2912,comedy
2913,drama
2914,drama
2915,comedy
2916,comedy
2917,comedy
2918,drama
2919,drama
2920,drama
2921,comedy
2922,drama
2923,action
2924,comedy
2925,drama
2926,drama
2927,comedy
2928,comedy
2929,drama
2930,action
2931,comedy
2932,comedy
2933,drama
2934,comedy
2935,drama
2936,action
2937,drama
2938,comedy
2939,action
2940,drama
2941,romance
2942,drama
2943,romance
2944,horror
2945,comedy
2946,drama
2947,drama
2948,comedy
2949,drama
2950,drama
2951,comedy
2952,drama
2953,comedy
2954,drama
2955,crime
2956,western
2957,comedy
2958,drama
2959,drama
2960,action
2961,comedy
2962,drama
2963,comedy
2964,drama
2965,drama
2966,drama
2967,drama
2968,drama
2969,comedy
2970,comedy
2971,western
2972,drama
2973,drama
2974,drama
2975,action
2976,drama
2977,drama
2978,western
2979,comedy
2980,western
2981,horror
2982,comedy
2983,comedy
2984,drama
2985,romance
2986,comedy
2987,horror
2988,romance
2989,comedy
2990,comedy
2991,drama
2992,comedy
2993,drama
2994,comedy
2995,drama
2996,comedy
2997,drama
2998,drama
2999,comedy
3000,comedy
3001,comedy
3002,drama
3003,comedy
3004,drama
3005,comedy
3006,comedy
3007,comedy
3008,comedy
3009,drama
3010,comedy
3011,adventure
3012,comedy
3013,comedy
3014,drama
3015,comedy
3016,comedy
3017,drama
3018,comedy
3019,drama
3020,western
3021,comedy
3022,comedy
3023,horror
3024,drama
3025,drama
3026,drama
3027,horror
3028,horror
3029,western
3030,drama
3031,horror
3032,drama
3033,western
3034,drama
3035,comedy
3036,drama
3037,horror
3038,comedy
3039,western
3040,adventure
3041,drama
3042,horror
3043,drama
3044,drama
3045,drama
3046,comedy
3047,drama
3048,drama
3049,drama
3050,thriller
3051,comedy
3052,drama
3053,drama
3054,drama
3055,comedy
3056,romance
3057,drama
3058,drama
3059,romance
3060,comedy
3061,comedy
3062,drama
3063,drama
3064,drama
3065,comedy
3066,western
3067,drama
3068,romance
3069,comedy
3070,drama
3071,drama
3072,drama
3073,drama
3074,drama
3075,comedy
3076,drama
3077,drama
3078,drama
3079,action
3080,horror
3081,comedy
3082,comedy
3083,comedy
3084,drama
3085,comedy
3086,comedy
3087,drama
3088,drama
3089,comedy
3090,comedy
3091,drama
3092,horror
3093,comedy
3094,drama
3095,comedy
3096,drama
3097,drama
3098,comedy
3099,drama
3100,comedy
3101,horror
3102,comedy
3103,drama
3104,comedy
3105,drama
3106,drama
3107,horror
3108,comedy
3109,comedy
3110,drama
3111,comedy
3112,comedy
3113,comedy
3114,drama
3115,adventure
3116,drama
3117,drama
3118,drama
3119,drama
3120,drama
3121,action
3122,drama
3123,comedy
3124,comedy
3125,comedy
3126,drama
3127,comedy
3128,drama
3129,drama
3130,comedy
3131,comedy
3132,drama
3133,drama
3134,comedy
3135,action
3136,drama
3137,western
3138,comedy
3139,drama
3140,drama
3141,horror
3142,comedy
3143,drama
3144,western
3145,drama
3146,comedy
3147,drama
3148,horror
3149,drama
3150,drama
3151,horror
3152,drama
3153,drama
3154,drama
3155,romance
3156,comedy
3157,western
3158,drama
3159,comedy
3160,drama
3161,drama
3162,comedy
3163,comedy
3164,comedy
3165,comedy
3166,drama
3167,drama
3168,horror
3169,horror
3170,drama
3171,comedy
3172,drama
3173,horror
3174,comedy
3175,comedy
3176,drama
3177,comedy
3178,comedy
3179,drama
3180,horror
3181,drama
3182,comedy
3183,action
3184,drama
3185,comedy
3186,drama
3187,drama
3188,drama
3189,comedy
3190,drama
3191,comedy
3192,drama
3193,comedy
3194,action
3195,horror
3196,comedy
3197,drama
3198,comedy
3199,drama
3200,drama
3201,drama
3202,comedy
3203,drama
3204,drama
3205,drama
3206,drama
3207,drama
3208,crime
3209,drama
3210,drama
3211,drama
3212,adventure
3213,drama
3214,comedy
3215,comedy
3216,comedy
3217,comedy
3218,drama
3219,comedy
3220,comedy
3221,comedy
3222,comedy
3223,drama
3224,comedy
3225,drama
3226,drama
3227,comedy
3228,drama
3229,comedy
3230,horror
3231,drama
3232,comedy
3233,horror
3234,drama
3235,comedy
3236,drama
3237,comedy
3238,crime
3239,drama
3240,drama
3241,drama
3242,drama
3243,drama
3244,drama
3245,drama
3246,comedy
3247,drama
3248,comedy
3249,drama
3250,comedy
3251,drama
3252,comedy
3253,comedy
3254,comedy
3255,crime
3256,comedy
3257,horror
3258,drama
3259,drama
3260,drama
3261,drama
3262,drama
3263,drama
3264,adventure
3265,comedy
3266,romance
3267,thriller
3268,drama
3269,horror
3270,drama
3271,western
3272,drama
3273,drama
3274,drama
3275,action
3276,drama
3277,drama
3278,drama
3279,drama
3280,drama
3281,comedy
3282,drama
3283,western
3284,western
3285,horror
3286,drama
3287,drama
3288,drama
3289,comedy
3290,thriller
3291,drama
