Id,Predicted
0,comedy
1,horror
2,drama
3,horror
4,romance
5,drama
6,action
7,drama
8,comedy
9,comedy
10,drama
11,romance
12,drama
13,romance
14,drama
15,action
16,comedy
17,drama
18,comedy
19,adventure
20,comedy
21,drama
22,comedy
23,drama
24,drama
25,comedy
26,comedy
27,drama
28,drama
29,romance
30,drama
31,drama
32,drama
33,drama
34,drama
35,drama
36,drama
37,western
38,comedy
39,comedy
40,drama
41,comedy
42,comedy
43,drama
44,drama
45,drama
46,drama
47,drama
48,comedy
49,drama
50,drama
51,comedy
52,crime
53,comedy
54,drama
55,comedy
56,comedy
57,drama
58,drama
59,crime
60,comedy
61,comedy
62,drama
63,drama
64,comedy
65,drama
66,western
67,drama
68,western
69,crime
70,comedy
71,drama
72,comedy
73,action
74,romance
75,crime
76,drama
77,drama
78,comedy
79,comedy
80,adventure
81,drama
82,drama
83,drama
84,drama
85,comedy
86,western
87,comedy
88,comedy
89,comedy
90,drama
91,horror
92,comedy
93,comedy
94,comedy
95,drama
96,horror
97,drama
98,drama
99,drama
100,comedy
101,comedy
102,comedy
103,drama
104,drama
105,comedy
106,comedy
107,drama
108,drama
109,comedy
110,drama
111,drama
112,action
113,drama
114,drama
115,drama
116,drama
117,drama
118,drama
119,drama
120,drama
121,comedy
122,romance
123,drama
124,comedy
125,drama
126,romance
127,drama
128,adventure
129,drama
130,drama
131,horror
132,comedy
133,drama
134,drama
135,drama
136,comedy
137,comedy
138,horror
139,drama
140,western
141,drama
142,comedy
143,romance
144,drama
145,drama
146,drama
147,comedy
148,horror
149,horror
150,comedy
151,comedy
152,comedy
153,comedy
154,drama
155,drama
156,drama
157,drama
158,horror
159,drama
160,adventure
161,drama
162,drama
163,drama
164,drama
165,action
166,comedy
167,action
168,drama
169,drama
170,comedy
171,drama
172,drama
173,thriller
174,drama
175,comedy
176,drama
177,western
178,drama
179,horror
180,drama
181,comedy
182,drama
183,drama
184,comedy
185,drama
186,drama
187,drama
188,comedy
189,drama
190,comedy
191,action
192,action
193,drama
194,drama
195,drama
196,comedy
197,drama
198,horror
199,drama
200,drama
201,western
202,action
203,drama
204,drama
205,horror
206,drama
207,drama
208,horror
209,romance
210,comedy
211,comedy
212,drama
213,comedy
214,western
215,drama
216,drama
217,comedy
218,action
219,drama
220,comedy
221,drama
222,drama
223,drama
224,drama
225,comedy
226,drama
227,drama
228,drama
229,drama
230,horror
231,romance
232,comedy
233,drama
234,drama
235,comedy
236,drama
237,comedy
238,drama
239,adventure
240,drama
241,comedy
242,drama
243,drama
244,horror
245,drama
246,drama
247,comedy
248,drama
249,action
250,drama
251,drama
252,drama
253,comedy
254,drama
255,drama
256,comedy
257,drama
258,drama
259,drama
260,drama
261,drama
262,action
263,drama
264,action
265,comedy
266,comedy
267,western
268,drama
269,horror
270,drama
271,comedy
272,comedy
273,drama
274,comedy
275,drama
276,drama
277,comedy
278,drama
279,comedy
280,comedy
281,comedy
282,drama
283,comedy
284,drama
285,comedy
286,drama
287,drama
288,romance
289,drama
290,drama
291,drama
292,drama
293,thriller
294,drama
295,drama
296,drama
297,comedy
298,action
299,drama
300,adventure
301,drama
302,drama
303,action
304,drama
305,drama
306,drama
307,action
308,adventure
309,comedy
310,drama
311,comedy
312,comedy
313,drama
314,comedy
315,drama
316,comedy
317,drama
318,drama
319,drama
320,comedy
321,drama
322,romance
323,drama
324,drama
325,drama
326,comedy
327,horror
328,comedy
329,comedy
330,western
331,action
332,drama
333,drama
334,drama
335,drama
336,comedy
337,comedy
338,drama
339,romance
340,horror
341,drama
342,drama
343,horror
344,western
345,drama
346,comedy
347,drama
348,horror
349,action
350,comedy
351,drama
352,drama
353,drama
354,drama
355,drama
356,comedy
357,drama
358,comedy
359,drama
360,drama
361,comedy
362,drama
363,action
364,drama
365,comedy
366,comedy
367,western
368,western
369,horror
370,drama
371,drama
372,western
373,comedy
374,thriller
375,comedy
376,western
377,western
378,drama
379,drama
380,comedy
381,drama
382,romance
383,drama
384,comedy
385,western
386,comedy
387,drama
388,drama
389,drama
390,drama
391,comedy
392,drama
393,drama
394,comedy
395,crime
396,adventure
397,comedy
398,drama
399,drama
400,comedy
401,comedy
402,comedy
403,romance
404,horror
405,drama
406,drama
407,drama
408,drama
409,drama
410,drama
411,drama
412,horror
413,drama
414,drama
415,comedy
416,drama
417,drama
418,drama
419,drama
420,drama
421,drama
422,drama
423,drama
424,comedy
425,romance
426,drama
427,drama
428,drama
429,horror
430,drama
431,comedy
432,horror
433,western
434,comedy
435,drama
436,drama
437,drama
438,drama
439,drama
440,comedy
441,comedy
442,drama
443,comedy
444,drama
445,drama
446,comedy
447,horror
448,comedy
449,drama
450,drama
451,western
452,drama
453,drama
454,thriller
455,drama
456,action
457,adventure
458,comedy
459,horror
460,drama
461,drama
462,western
463,drama
464,comedy
465,western
466,horror
467,western
468,drama
469,comedy
470,comedy
471,drama
472,horror
473,comedy
474,drama
475,comedy
476,comedy
477,drama
478,drama
479,action
480,comedy
481,comedy
482,drama
483,drama
484,comedy
485,comedy
486,action
487,western
488,drama
489,action
490,comedy
491,horror
492,romance
493,comedy
494,comedy
495,comedy
496,drama
497,drama
498,drama
499,comedy
500,comedy
501,drama
502,drama
503,comedy
504,comedy
505,drama
506,drama
507,romance
508,romance
509,drama
510,drama
511,drama
512,comedy
513,horror
514,drama
515,drama
516,drama
517,comedy
518,drama
519,comedy
520,western
521,drama
522,horror
523,drama
524,comedy
525,drama
526,romance
527,comedy
528,drama
529,drama
530,drama
531,comedy
532,romance
533,romance
534,drama
535,comedy
536,drama
537,comedy
538,drama
539,drama
540,drama
541,comedy
542,comedy
543,comedy
544,comedy
545,drama
546,drama
547,comedy
548,drama
549,drama
550,drama
551,horror
552,drama
553,drama
554,drama
555,comedy
556,drama
557,drama
558,comedy
559,western
560,drama
561,comedy
562,drama
563,drama
564,drama
565,comedy
566,drama
567,drama
568,comedy
569,comedy
570,comedy
571,drama
572,comedy
573,comedy
574,drama
575,drama
576,western
577,drama
578,drama
579,drama
580,comedy
581,drama
582,drama
583,drama
584,drama
585,drama
586,drama
587,comedy
588,drama
589,drama
590,comedy
591,drama
592,drama
593,drama
594,comedy
595,comedy
596,drama
597,drama
598,crime
599,comedy
600,drama
601,western
602,romance
603,drama
604,drama
605,drama
606,drama
607,drama
608,horror
609,action
610,drama
611,comedy
612,drama
613,drama
614,comedy
615,drama
616,drama
617,drama
618,drama
619,romance
620,comedy
621,comedy
622,comedy
623,drama
624,romance
625,drama
626,drama
627,drama
628,drama
629,comedy
630,drama
631,action
632,action
633,drama
634,drama
635,comedy
636,horror
637,drama
638,drama
639,drama
640,drama
641,comedy
642,action
643,drama
644,drama
645,action
646,comedy
647,drama
648,drama
649,drama
650,drama
651,drama
652,comedy
653,drama
654,drama
655,drama
656,drama
657,drama
658,comedy
659,drama
660,comedy
661,drama
662,horror
663,drama
664,comedy
665,drama
666,horror
667,drama
668,comedy
669,drama
670,drama
671,comedy
672,comedy
673,drama
674,comedy
675,comedy
676,drama
677,drama
678,drama
679,drama
680,comedy
681,comedy
682,western
683,western
684,drama
685,adventure
686,romance
687,drama
688,comedy
689,drama
690,western
691,drama
692,romance
693,drama
694,romance
695,comedy
696,drama
697,drama
698,drama
699,drama
700,comedy
701,action
702,western
703,drama
704,drama
705,comedy
706,drama
707,comedy
708,drama
709,drama
710,drama
711,drama
712,drama
713,drama
714,romance
715,comedy
716,comedy
717,drama
718,comedy
719,drama
720,comedy
721,comedy
722,comedy
723,drama
724,drama
725,drama
726,drama
727,drama
728,drama
729,comedy
730,drama
731,comedy
732,adventure
733,comedy
734,western
735,drama
736,drama
737,drama
738,drama
739,comedy
740,drama
741,adventure
742,comedy
743,drama
744,comedy
745,comedy
746,comedy
747,drama
748,drama
749,horror
750,drama
751,action
752,comedy
753,drama
754,action
755,drama
756,drama
757,western
758,western
759,comedy
760,comedy
761,drama
762,drama
763,drama
764,drama
765,drama
766,drama
767,drama
768,drama
769,adventure
770,comedy
771,drama
772,drama
773,action
774,horror
775,comedy
776,drama
777,comedy
778,western
779,comedy
780,drama
781,romance
782,drama
783,drama
784,drama
785,drama
786,western
787,drama
788,comedy
789,horror
790,drama
791,drama
792,drama
793,comedy
794,comedy
795,drama
796,comedy
797,drama
798,drama
799,drama
800,drama
801,drama
802,comedy
803,romance
804,horror
805,action
806,drama
807,comedy
808,drama
809,drama
810,drama
811,comedy
812,comedy
813,drama
814,drama
815,romance
816,drama
817,comedy
818,horror
819,drama
820,comedy
821,comedy
822,drama
823,drama
824,drama
825,comedy
826,comedy
827,drama
828,comedy
829,drama
830,drama
831,comedy
832,comedy
833,drama
834,comedy
835,horror
836,action
837,comedy
838,comedy
839,comedy
840,comedy
841,action
842,comedy
843,horror
844,comedy
845,drama
846,drama
847,horror
848,horror
849,romance
850,comedy
851,comedy
852,western
853,comedy
854,drama
855,drama
856,comedy
857,romance
858,drama
859,drama
860,drama
861,western
862,drama
863,drama
864,comedy
865,drama
866,drama
867,romance
868,drama
869,drama
870,western
871,drama
872,western
873,romance
874,action
875,drama
876,drama
877,horror
878,drama
879,drama
880,drama
881,drama
882,drama
883,drama
884,horror
885,western
886,drama
887,horror
888,comedy
889,action
890,drama
891,comedy
892,action
893,comedy
894,horror
895,drama
896,comedy
897,drama
898,drama
899,comedy
900,drama
901,drama
902,drama
903,drama
904,drama
905,drama
906,horror
907,drama
908,western
909,comedy
910,drama
911,drama
912,drama
913,drama
914,drama
915,drama
916,horror
917,drama
918,drama
919,comedy
920,comedy
921,drama
922,drama
923,drama
924,drama
925,comedy
926,comedy
927,drama
928,action
929,drama
930,drama
931,drama
932,drama
933,drama
934,horror
935,comedy
936,comedy
937,drama
938,comedy
939,drama
940,drama
941,drama
942,drama
943,comedy
944,drama
945,drama
946,drama
947,drama
948,drama
949,comedy
950,comedy
951,comedy
952,drama
953,drama
954,drama
955,comedy
956,comedy
957,drama
958,horror
959,action
960,drama
961,comedy
962,drama
963,drama
964,horror
965,drama
966,comedy
967,comedy
968,comedy
969,comedy
970,drama
971,horror
972,comedy
973,western
974,comedy
975,comedy
976,comedy
977,drama
978,drama
979,drama
980,drama
981,drama
982,comedy
983,comedy
984,comedy
985,drama
986,comedy
987,drama
988,drama
989,action
990,drama
991,action
992,comedy
993,drama
994,comedy
995,comedy
996,comedy
997,drama
998,comedy
999,comedy
1000,comedy
1001,drama
1002,drama
1003,drama
1004,drama
1005,drama
1006,drama
1007,romance
1008,drama
1009,drama
1010,comedy
1011,drama
1012,drama
1013,comedy
1014,action
1015,drama
1016,drama
1017,drama
1018,horror
1019,adventure
1020,comedy
1021,horror
1022,comedy
1023,drama
1024,drama
1025,horror
1026,comedy
1027,action
1028,comedy
1029,horror
1030,drama
1031,drama
1032,drama
1033,comedy
1034,action
1035,comedy
1036,romance
1037,drama
1038,comedy
1039,drama
1040,drama
1041,drama
1042,drama
1043,horror
1044,drama
1045,comedy
1046,romance
1047,drama
1048,comedy
1049,drama
1050,romance
1051,drama
1052,comedy
1053,comedy
1054,comedy
1055,comedy
1056,horror
1057,drama
1058,western
1059,comedy
1060,comedy
1061,drama
1062,drama
1063,drama
1064,drama
1065,drama
1066,comedy
1067,drama
1068,drama
1069,drama
1070,romance
1071,adventure
1072,western
1073,drama
1074,drama
1075,drama
1076,comedy
1077,western
1078,drama
1079,comedy
1080,romance
1081,western
1082,horror
1083,drama
1084,western
1085,drama
1086,comedy
1087,drama
1088,drama
1089,horror
1090,drama
1091,comedy
1092,drama
1093,drama
1094,drama
1095,horror
1096,drama
1097,western
1098,drama
1099,comedy
1100,drama
1101,drama
1102,drama
1103,western
1104,comedy
1105,horror
1106,horror
1107,drama
1108,drama
1109,drama
1110,horror
1111,drama
1112,comedy
1113,comedy
1114,comedy
1115,drama
1116,drama
1117,comedy
1118,drama
1119,comedy
1120,horror
1121,drama
1122,drama
1123,western
1124,drama
1125,drama
1126,comedy
1127,romance
1128,comedy
1129,drama
1130,drama
1131,drama
1132,drama
1133,drama
1134,romance
1135,horror
1136,comedy
1137,comedy
1138,drama
1139,comedy
1140,drama
1141,drama
1142,drama
1143,drama
1144,drama
1145,comedy
1146,drama
1147,adventure
1148,comedy
1149,drama
1150,comedy
1151,drama
1152,comedy
1153,comedy
1154,comedy
1155,drama
1156,comedy
1157,drama
1158,action
1159,comedy
1160,drama
1161,drama
1162,drama
1163,comedy
1164,adventure
1165,drama
1166,drama
1167,drama
1168,drama
1169,comedy
1170,comedy
1171,drama
1172,comedy
1173,thriller
1174,drama
1175,drama
1176,drama
1177,drama
1178,comedy
1179,drama
1180,horror
1181,comedy
1182,action
1183,drama
1184,drama
1185,drama
1186,western
1187,drama
1188,drama
1189,western
1190,drama
1191,drama
1192,drama
1193,drama
1194,horror
1195,comedy
1196,romance
1197,comedy
1198,drama
1199,drama
1200,drama
1201,comedy
1202,romance
1203,drama
1204,drama
1205,comedy
1206,horror
1207,comedy
1208,comedy
1209,drama
1210,comedy
1211,drama
1212,drama
1213,comedy
1214,comedy
1215,western
1216,drama
1217,drama
1218,comedy
1219,drama
1220,drama
1221,horror
1222,drama
1223,drama
1224,comedy
1225,drama
1226,comedy
1227,action
1228,drama
1229,comedy
1230,action
1231,drama
1232,action
1233,comedy
1234,drama
1235,comedy
1236,horror
1237,drama
1238,drama
1239,western
1240,drama
1241,drama
1242,drama
1243,comedy
1244,comedy
1245,western
1246,comedy
1247,drama
1248,comedy
1249,comedy
1250,adventure
1251,horror
1252,western
1253,drama
1254,comedy
1255,western
1256,drama
1257,drama
1258,romance
1259,drama
1260,drama
1261,drama
1262,drama
1263,horror
1264,drama
1265,romance
1266,drama
1267,comedy
1268,drama
1269,drama
1270,drama
1271,drama
1272,comedy
1273,comedy
1274,drama
1275,drama
1276,drama
1277,drama
1278,drama
1279,drama
1280,comedy
1281,drama
1282,comedy
1283,western
1284,drama
1285,comedy
1286,drama
1287,drama
1288,comedy
1289,comedy
1290,comedy
1291,drama
1292,comedy
1293,drama
1294,drama
1295,drama
1296,comedy
1297,comedy
1298,drama
1299,drama
1300,drama
1301,drama
1302,drama
1303,drama
1304,horror
1305,drama
1306,drama
1307,comedy
1308,comedy
1309,drama
1310,drama
1311,drama
1312,drama
1313,comedy
1314,western
1315,drama
1316,drama
1317,drama
1318,comedy
1319,western
1320,romance
1321,comedy
1322,drama
1323,drama
1324,comedy
1325,drama
1326,drama
1327,comedy
1328,adventure
1329,comedy
1330,comedy
1331,drama
1332,western
1333,action
1334,comedy
1335,comedy
1336,comedy
1337,horror
1338,drama
1339,drama
1340,horror
1341,comedy
1342,drama
1343,comedy
1344,horror
1345,horror
1346,drama
1347,comedy
1348,drama
1349,horror
1350,drama
1351,drama
1352,drama
1353,comedy
1354,drama
1355,horror
1356,drama
1357,drama
1358,comedy
1359,action
1360,drama
1361,comedy
1362,drama
1363,drama
1364,drama
1365,comedy
1366,drama
1367,drama
1368,drama
1369,drama
1370,drama
1371,drama
1372,drama
1373,comedy
1374,comedy
1375,drama
1376,comedy
1377,comedy
1378,drama
1379,drama
1380,horror
1381,drama
1382,western
1383,drama
1384,drama
1385,comedy
1386,comedy
1387,action
1388,comedy
1389,comedy
1390,drama
1391,comedy
1392,western
1393,drama
1394,drama
1395,drama
1396,drama
1397,drama
1398,comedy
1399,drama
1400,comedy
1401,drama
1402,drama
1403,comedy
1404,drama
1405,drama
1406,drama
1407,drama
1408,western
1409,western
1410,drama
1411,drama
1412,comedy
1413,action
1414,drama
1415,drama
1416,comedy
1417,drama
1418,drama
1419,drama
1420,action
1421,drama
1422,drama
1423,western
1424,western
1425,drama
1426,horror
1427,drama
1428,drama
1429,drama
1430,drama
1431,comedy
1432,drama
1433,comedy
1434,romance
1435,comedy
1436,drama
1437,western
1438,drama
1439,drama
1440,drama
1441,comedy
1442,comedy
1443,drama
1444,action
1445,drama
1446,western
1447,drama
1448,drama
1449,drama
1450,drama
1451,drama
1452,drama
1453,drama
1454,comedy
1455,horror
1456,comedy
1457,action
1458,drama
1459,drama
1460,drama
1461,comedy
1462,drama
1463,drama
1464,drama
1465,comedy
1466,comedy
1467,drama
1468,drama
1469,drama
1470,horror
1471,comedy
1472,drama
1473,comedy
1474,comedy
1475,drama
1476,drama
1477,drama
1478,drama
1479,horror
1480,western
1481,western
1482,comedy
1483,drama
1484,romance
1485,drama
1486,comedy
1487,horror
1488,drama
1489,drama
1490,comedy
1491,horror
1492,western
1493,drama
1494,drama
1495,drama
1496,comedy
1497,drama
1498,adventure
1499,western
1500,drama
1501,horror
1502,drama
1503,drama
1504,western
1505,comedy
1506,romance
1507,horror
1508,comedy
1509,drama
1510,drama
1511,drama
1512,comedy
1513,drama
1514,drama
1515,comedy
1516,action
1517,drama
1518,drama
1519,drama
1520,comedy
1521,comedy
1522,drama
1523,drama
1524,comedy
1525,drama
1526,horror
1527,comedy
1528,drama
1529,drama
1530,comedy
1531,drama
1532,drama
1533,action
1534,horror
1535,drama
1536,thriller
1537,thriller
1538,western
1539,drama
1540,drama
1541,action
1542,drama
1543,comedy
1544,comedy
1545,western
1546,drama
1547,comedy
1548,romance
1549,romance
1550,drama
1551,drama
1552,drama
1553,drama
1554,comedy
1555,comedy
1556,drama
1557,drama
1558,drama
1559,drama
1560,drama
1561,drama
1562,drama
1563,action
1564,drama
1565,thriller
1566,drama
1567,drama
1568,romance
1569,romance
1570,comedy
1571,drama
1572,drama
1573,comedy
1574,drama
1575,comedy
1576,western
1577,drama
1578,drama
1579,drama
1580,comedy
1581,drama
1582,drama
1583,comedy
1584,drama
1585,comedy
1586,drama
1587,romance
1588,drama
1589,drama
1590,comedy
1591,drama
1592,romance
1593,drama
1594,comedy
1595,horror
1596,western
1597,drama
1598,comedy
1599,drama
1600,comedy
1601,drama
1602,drama
1603,comedy
1604,western
1605,comedy
1606,drama
1607,comedy
1608,drama
1609,horror
1610,western
1611,drama
1612,drama
1613,horror
1614,drama
1615,action
1616,western
1617,comedy
1618,drama
1619,drama
1620,drama
1621,action
1622,comedy
1623,western
1624,drama
1625,romance
1626,comedy
1627,western
1628,comedy
1629,drama
1630,drama
1631,drama
1632,comedy
1633,comedy
1634,drama
1635,comedy
1636,comedy
1637,drama
1638,drama
1639,thriller
1640,drama
1641,drama
1642,horror
1643,drama
1644,drama
1645,comedy
1646,drama
1647,horror
1648,drama
1649,drama
1650,drama
1651,drama
1652,drama
1653,drama
1654,drama
1655,action
1656,horror
1657,drama
1658,horror
1659,drama
1660,comedy
1661,drama
1662,horror
1663,comedy
1664,comedy
1665,comedy
1666,comedy
1667,drama
1668,comedy
1669,horror
1670,drama
1671,drama
1672,horror
1673,comedy
1674,drama
1675,drama
1676,western
1677,horror
1678,drama
1679,western
1680,crime
1681,romance
1682,horror
1683,comedy
1684,drama
1685,drama
1686,western
1687,romance
1688,drama
1689,drama
1690,drama
1691,comedy
1692,comedy
1693,drama
1694,romance
1695,comedy
1696,comedy
1697,western
1698,comedy
1699,comedy
1700,comedy
1701,drama
1702,comedy
1703,drama
1704,drama
1705,adventure
1706,action
1707,drama
1708,drama
1709,action
1710,comedy
1711,drama
1712,drama
1713,comedy
1714,drama
1715,western
1716,drama
1717,comedy
1718,drama
1719,drama
1720,drama
1721,drama
1722,drama
1723,comedy
1724,drama
1725,comedy
1726,comedy
1727,action
1728,comedy
1729,drama
1730,drama
1731,drama
1732,drama
1733,thriller
1734,horror
1735,western
1736,comedy
1737,drama
1738,romance
1739,romance
1740,comedy
1741,drama
1742,comedy
1743,romance
1744,drama
1745,drama
1746,horror
1747,drama
1748,drama
1749,drama
1750,drama
1751,drama
1752,drama
1753,western
1754,comedy
1755,comedy
1756,drama
1757,comedy
1758,drama
1759,comedy
1760,drama
1761,drama
1762,comedy
1763,comedy
1764,comedy
1765,drama
1766,comedy
1767,drama
1768,drama
1769,romance
1770,drama
1771,comedy
1772,comedy
1773,drama
1774,drama
1775,drama
1776,drama
1777,drama
1778,horror
1779,comedy
1780,comedy
1781,drama
1782,drama
1783,drama
1784,comedy
1785,drama
1786,drama
1787,drama
1788,adventure
1789,drama
1790,western
1791,comedy
1792,drama
1793,drama
1794,drama
1795,drama
1796,action
1797,horror
1798,horror
1799,action
1800,comedy
1801,comedy
1802,comedy
1803,action
1804,comedy
1805,drama
1806,horror
1807,drama
1808,drama
1809,drama
1810,horror
1811,drama
1812,drama
1813,comedy
1814,western
1815,drama
1816,drama
1817,drama
1818,western
1819,horror
1820,comedy
1821,drama
1822,comedy
1823,comedy
1824,drama
1825,western
1826,drama
1827,action
1828,horror
1829,drama
1830,drama
1831,horror
1832,drama
1833,comedy
1834,drama
1835,drama
1836,comedy
1837,romance
1838,drama
1839,comedy
1840,drama
1841,comedy
1842,drama
1843,comedy
1844,drama
1845,horror
1846,drama
1847,comedy
1848,drama
1849,drama
1850,adventure
1851,drama
1852,drama
1853,drama
1854,drama
1855,romance
1856,drama
1857,romance
1858,drama
1859,action
1860,drama
1861,drama
1862,drama
1863,drama
1864,action
1865,drama
1866,romance
1867,comedy
1868,drama
1869,comedy
1870,drama
1871,comedy
1872,romance
1873,drama
1874,drama
1875,drama
1876,drama
1877,comedy
1878,drama
1879,drama
1880,drama
1881,comedy
1882,comedy
1883,action
1884,drama
1885,drama
1886,drama
1887,drama
1888,drama
1889,comedy
1890,thriller
1891,drama
1892,drama
1893,comedy
1894,drama
1895,drama
1896,comedy
1897,action
1898,drama
1899,drama
1900,drama
1901,comedy
1902,drama
1903,western
1904,drama
1905,drama
1906,drama
1907,drama
1908,drama
1909,comedy
1910,comedy
1911,drama
1912,comedy
1913,comedy
1914,comedy
1915,drama
1916,romance
1917,comedy
1918,comedy
1919,drama
1920,drama
1921,western
1922,comedy
1923,action
1924,action
1925,drama
1926,comedy
1927,drama
1928,thriller
1929,action
1930,drama
1931,drama
1932,comedy
1933,drama
1934,drama
1935,horror
1936,drama
1937,romance
1938,drama
1939,comedy
1940,comedy
1941,drama
1942,western
1943,comedy
1944,comedy
1945,comedy
1946,western
1947,drama
1948,action
1949,comedy
1950,drama
1951,drama
1952,drama
1953,drama
1954,comedy
1955,drama
1956,comedy
1957,comedy
1958,drama
1959,comedy
1960,comedy
1961,drama
1962,comedy
1963,drama
1964,action
1965,comedy
1966,comedy
1967,drama
1968,drama
1969,action
1970,drama
1971,drama
1972,comedy
1973,drama
1974,drama
1975,action
1976,drama
1977,drama
1978,comedy
1979,drama
1980,comedy
1981,drama
1982,drama
1983,comedy
1984,drama
1985,comedy
1986,drama
1987,action
1988,drama
1989,drama
1990,drama
1991,romance
1992,drama
1993,comedy
1994,comedy
1995,comedy
1996,romance
1997,drama
1998,drama
1999,drama
2000,drama
2001,crime
2002,western
2003,comedy
2004,romance
2005,drama
2006,comedy
2007,comedy
2008,comedy
2009,drama
2010,drama
2011,comedy
2012,comedy
2013,action
2014,drama
2015,drama
2016,drama
2017,drama
2018,drama
2019,drama
2020,drama
2021,drama
2022,drama
2023,drama
2024,comedy
2025,drama
2026,drama
2027,western
2028,horror
2029,drama
2030,drama
2031,romance
2032,western
2033,comedy
2034,drama
2035,horror
2036,drama
2037,horror
2038,drama
2039,comedy
2040,drama
2041,drama
2042,drama
2043,drama
2044,drama
2045,comedy
2046,drama
2047,drama
2048,drama
2049,comedy
2050,comedy
2051,western
2052,drama
2053,drama
2054,drama
2055,comedy
2056,drama
2057,drama
2058,drama
2059,comedy
2060,action
2061,horror
2062,comedy
2063,drama
2064,drama
2065,drama
2066,comedy
2067,drama
2068,comedy
2069,romance
2070,comedy
2071,romance
2072,comedy
2073,drama
2074,drama
2075,comedy
2076,comedy
2077,drama
2078,drama
2079,drama
2080,drama
2081,drama
2082,drama
2083,drama
2084,comedy
2085,horror
2086,comedy
2087,drama
2088,drama
2089,drama
2090,drama
2091,drama
2092,horror
2093,action
2094,comedy
2095,action
2096,drama
2097,action
2098,romance
2099,drama
2100,horror
2101,drama
2102,drama
2103,drama
2104,horror
2105,comedy
2106,action
2107,drama
2108,drama
2109,drama
2110,drama
2111,drama
2112,comedy
2113,comedy
2114,drama
2115,comedy
2116,comedy
2117,drama
2118,drama
2119,drama
2120,thriller
2121,western
2122,drama
2123,drama
2124,comedy
2125,drama
2126,drama
2127,drama
2128,drama
2129,comedy
2130,comedy
2131,comedy
2132,drama
2133,drama
2134,drama
2135,drama
2136,action
2137,comedy
2138,comedy
2139,drama
2140,drama
2141,drama
2142,western
2143,drama
2144,comedy
2145,drama
2146,drama
2147,comedy
2148,comedy
2149,action
2150,comedy
2151,western
2152,drama
2153,horror
2154,drama
2155,drama
2156,romance
2157,action
2158,drama
2159,horror
2160,drama
2161,comedy
2162,drama
2163,romance
2164,comedy
2165,comedy
2166,comedy
2167,drama
2168,comedy
2169,comedy
2170,drama
2171,drama
2172,comedy
2173,drama
2174,drama
2175,drama
2176,drama
2177,drama
2178,drama
2179,comedy
2180,drama
2181,action
2182,drama
2183,drama
2184,drama
2185,comedy
2186,comedy
2187,western
2188,comedy
2189,drama
2190,drama
2191,comedy
2192,comedy
2193,drama
2194,comedy
2195,drama
2196,romance
2197,action
2198,drama
2199,drama
2200,drama
2201,drama
2202,comedy
2203,drama
2204,drama
2205,drama
2206,comedy
2207,drama
2208,drama
2209,drama
2210,comedy
2211,comedy
2212,drama
2213,comedy
2214,drama
2215,western
2216,comedy
2217,comedy
2218,drama
2219,comedy
2220,comedy
2221,drama
2222,drama
2223,comedy
2224,drama
2225,drama
2226,drama
2227,comedy
2228,drama
2229,drama
2230,drama
2231,drama
2232,drama
2233,action
2234,comedy
2235,drama
2236,romance
2237,drama
2238,comedy
2239,drama
2240,drama
2241,comedy
2242,action
2243,drama
2244,drama
2245,comedy
2246,comedy
2247,comedy
2248,drama
2249,comedy
2250,romance
2251,horror
2252,drama
2253,western
2254,drama
2255,comedy
2256,drama
2257,horror
2258,thriller
2259,action
2260,thriller
2261,comedy
2262,drama
2263,drama
2264,western
2265,drama
2266,drama
2267,drama
2268,comedy
2269,drama
2270,comedy
2271,drama
2272,drama
2273,comedy
2274,drama
2275,drama
2276,western
2277,drama
2278,drama
2279,comedy
2280,comedy
2281,adventure
2282,drama
2283,drama
2284,drama
2285,comedy
2286,comedy
2287,comedy
2288,drama
2289,drama
2290,drama
2291,drama
2292,comedy
2293,western
2294,drama
2295,comedy
2296,action
2297,comedy
2298,drama
2299,drama
2300,drama
2301,drama
2302,drama
2303,drama
2304,comedy
2305,western
2306,drama
2307,action
2308,comedy
2309,comedy
2310,horror
2311,comedy
2312,drama
2313,drama
2314,horror
2315,action
2316,comedy
2317,romance
2318,drama
2319,comedy
2320,comedy
2321,drama
2322,horror
2323,comedy
2324,drama
2325,drama
2326,action
2327,comedy
2328,drama
2329,drama
2330,comedy
2331,drama
2332,drama
2333,drama
2334,crime
2335,comedy
2336,drama
2337,romance
2338,drama
2339,comedy
2340,adventure
2341,drama
2342,drama
2343,drama
2344,action
2345,action
2346,adventure
2347,comedy
2348,drama
2349,crime
2350,comedy
2351,drama
2352,horror
2353,drama
2354,drama
2355,comedy
2356,comedy
2357,drama
2358,horror
2359,comedy
2360,romance
2361,comedy
2362,horror
2363,comedy
2364,drama
2365,comedy
2366,comedy
2367,drama
2368,drama
2369,comedy
2370,drama
2371,adventure
2372,drama
2373,drama
2374,drama
2375,comedy
2376,adventure
2377,western
2378,comedy
2379,comedy
2380,drama
2381,comedy
2382,drama
2383,drama
2384,drama
2385,drama
2386,drama
2387,comedy
2388,horror
2389,comedy
2390,drama
2391,drama
2392,drama
2393,comedy
2394,drama
2395,comedy
2396,drama
2397,comedy
2398,drama
2399,western
2400,drama
2401,romance
2402,action
2403,drama
2404,drama
2405,comedy
2406,drama
2407,romance
2408,romance
2409,drama
2410,drama
2411,drama
2412,drama
2413,drama
2414,action
2415,drama
2416,comedy
2417,western
2418,drama
2419,drama
2420,drama
2421,drama
2422,romance
2423,comedy
2424,drama
2425,drama
2426,drama
2427,comedy
2428,drama
2429,drama
2430,drama
2431,drama
2432,drama
2433,drama
2434,comedy
2435,drama
2436,drama
2437,comedy
2438,comedy
2439,comedy
2440,drama
2441,drama
2442,drama
2443,horror
2444,comedy
2445,comedy
2446,comedy
2447,drama
2448,drama
2449,horror
2450,comedy
2451,comedy
2452,drama
2453,comedy
2454,drama
2455,comedy
2456,thriller
2457,drama
2458,drama
2459,drama
2460,comedy
2461,comedy
2462,drama
2463,romance
2464,comedy
2465,comedy
2466,romance
2467,drama
2468,drama
2469,drama
2470,comedy
2471,comedy
2472,drama
2473,drama
2474,adventure
2475,drama
2476,comedy
2477,drama
2478,comedy
2479,drama
2480,drama
2481,drama
2482,comedy
2483,drama
2484,comedy
2485,drama
2486,drama
2487,drama
2488,drama
2489,drama
2490,drama
2491,drama
2492,horror
2493,drama
2494,western
2495,comedy
2496,drama
2497,drama
2498,drama
2499,adventure
2500,drama
2501,comedy
2502,western
2503,comedy
2504,western
2505,comedy
2506,drama
2507,drama
2508,horror
2509,western
2510,horror
2511,drama
2512,drama
2513,comedy
2514,drama
2515,romance
2516,romance
2517,horror
2518,comedy
2519,drama
2520,drama
2521,western
2522,horror
2523,comedy
2524,drama
2525,drama
2526,drama
2527,comedy
2528,romance
2529,horror
2530,drama
2531,drama
2532,comedy
2533,drama
2534,action
2535,comedy
2536,drama
2537,drama
2538,drama
2539,comedy
2540,drama
2541,drama
2542,drama
2543,western
2544,horror
2545,drama
2546,horror
2547,drama
2548,comedy
2549,comedy
2550,romance
2551,comedy
2552,drama
2553,comedy
2554,romance
2555,comedy
2556,drama
2557,drama
2558,comedy
2559,comedy
2560,comedy
2561,drama
2562,drama
2563,comedy
2564,action
2565,comedy
2566,western
2567,action
2568,drama
2569,drama
2570,drama
2571,comedy
2572,comedy
2573,drama
2574,drama
2575,romance
2576,drama
2577,romance
2578,drama
2579,drama
2580,horror
2581,comedy
2582,crime
2583,action
2584,comedy
2585,drama
2586,comedy
2587,drama
2588,drama
2589,comedy
2590,drama
2591,drama
2592,comedy
2593,horror
2594,drama
2595,drama
2596,comedy
2597,action
2598,comedy
2599,comedy
2600,drama
2601,comedy
2602,horror
2603,drama
2604,drama
2605,drama
2606,drama
2607,comedy
2608,comedy
2609,drama
2610,drama
2611,drama
2612,romance
2613,romance
2614,drama
2615,horror
2616,drama
2617,drama
2618,comedy
2619,drama
2620,thriller
2621,comedy
2622,comedy
2623,drama
2624,drama
2625,drama
2626,drama
2627,drama
2628,drama
2629,drama
2630,drama
2631,drama
2632,drama
2633,comedy
2634,horror
2635,comedy
2636,comedy
2637,western
2638,drama
2639,drama
2640,horror
2641,comedy
2642,western
2643,drama
2644,comedy
2645,thriller
2646,drama
2647,horror
2648,action
2649,drama
2650,comedy
2651,drama
2652,drama
2653,drama
2654,drama
2655,drama
2656,drama
2657,comedy
2658,comedy
2659,comedy
2660,drama
2661,drama
2662,drama
2663,comedy
2664,drama
2665,drama
2666,comedy
2667,comedy
2668,drama
2669,drama
2670,drama
2671,drama
2672,drama
2673,comedy
2674,drama
2675,drama
2676,drama
2677,drama
2678,western
2679,romance
2680,comedy
2681,drama
2682,comedy
2683,drama
2684,drama
2685,drama
2686,drama
2687,drama
2688,action
2689,western
2690,drama
2691,comedy
2692,drama
2693,western
2694,comedy
2695,drama
2696,comedy
2697,drama
2698,comedy
2699,comedy
2700,western
2701,comedy
2702,drama
2703,western
2704,horror
2705,drama
2706,drama
2707,drama
2708,drama
2709,drama
2710,drama
2711,drama
2712,comedy
2713,drama
2714,western
2715,comedy
2716,comedy
2717,crime
2718,drama
2719,drama
2720,comedy
2721,drama
2722,drama
2723,action
2724,drama
2725,drama
2726,comedy
2727,drama
2728,comedy
2729,drama
2730,horror
2731,drama
2732,action
2733,drama
2734,comedy
2735,drama
2736,drama
2737,drama
2738,drama
2739,drama
2740,action
2741,drama
2742,drama
2743,comedy
2744,crime
2745,romance
2746,drama
2747,drama
2748,drama
2749,adventure
2750,drama
2751,drama
2752,thriller
2753,horror
2754,western
2755,comedy
2756,horror
2757,drama
2758,drama
2759,western
2760,horror
2761,comedy
2762,action
2763,drama
2764,comedy
2765,drama
2766,comedy
2767,drama
2768,drama
2769,drama
2770,comedy
2771,comedy
2772,drama
2773,drama
2774,western
2775,drama
2776,drama
2777,drama
2778,drama
2779,action
2780,horror
2781,drama
2782,romance
2783,drama
2784,horror
2785,drama
2786,horror
2787,drama
2788,adventure
2789,comedy
2790,comedy
2791,drama
2792,romance
2793,drama
2794,drama
2795,drama
2796,drama
2797,drama
2798,drama
2799,thriller
2800,drama
2801,drama
2802,drama
2803,drama
2804,western
2805,comedy
2806,western
2807,drama
2808,drama
2809,drama
2810,comedy
2811,drama
2812,horror
2813,horror
2814,horror
2815,drama
2816,drama
2817,drama
2818,drama
2819,romance
2820,drama
2821,drama
2822,drama
2823,comedy
2824,comedy
2825,romance
2826,action
2827,drama
2828,comedy
2829,comedy
2830,drama
2831,drama
2832,romance
2833,comedy
2834,comedy
2835,drama
2836,drama
2837,comedy
2838,comedy
2839,comedy
2840,comedy
2841,comedy
2842,drama
2843,horror
2844,comedy
2845,western
2846,comedy
2847,drama
2848,comedy
2849,comedy
2850,comedy
2851,drama
2852,drama
2853,drama
2854,comedy
2855,drama
2856,drama
2857,horror
2858,action
2859,adventure
2860,horror
2861,drama
2862,horror
2863,drama
2864,comedy
2865,romance
2866,comedy
2867,comedy
2868,comedy
2869,drama
2870,comedy
2871,drama
2872,drama
2873,drama
2874,comedy
2875,western
2876,comedy
2877,drama
2878,drama
2879,horror
2880,drama
2881,horror
2882,comedy
2883,drama
2884,drama
2885,comedy
2886,western
2887,comedy
2888,drama
2889,comedy
2890,comedy
2891,romance
2892,drama
2893,comedy
2894,comedy
2895,drama
2896,comedy
2897,drama
2898,drama
2899,drama
2900,drama
2901,horror
2902,comedy
2903,western
2904,comedy
2905,comedy
2906,comedy
2907,drama
2908,drama
2909,comedy
2910,romance
2911,drama
2912,comedy
2913,drama
2914,drama
2915,comedy
2916,comedy
2917,comedy
2918,drama
2919,drama
2920,drama
2921,drama
2922,comedy
2923,action
2924,comedy
2925,romance
2926,drama
2927,comedy
2928,comedy
2929,drama
2930,drama
2931,comedy
2932,comedy
2933,drama
2934,drama
2935,comedy
2936,action
2937,drama
2938,drama
2939,drama
2940,drama
2941,drama
2942,drama
2943,romance
2944,horror
2945,comedy
2946,drama
2947,drama
2948,romance
2949,comedy
2950,drama
2951,comedy
2952,comedy
2953,comedy
2954,drama
2955,drama
2956,western
2957,comedy
2958,drama
2959,drama
2960,thriller
2961,comedy
2962,comedy
2963,comedy
2964,drama
2965,drama
2966,drama
2967,drama
2968,drama
2969,comedy
2970,drama
2971,comedy
2972,drama
2973,comedy
2974,comedy
2975,comedy
2976,drama
2977,drama
2978,western
2979,comedy
2980,western
2981,horror
2982,comedy
2983,comedy
2984,comedy
2985,romance
2986,comedy
2987,drama
2988,romance
2989,comedy
2990,comedy
2991,drama
2992,comedy
2993,comedy
2994,drama
2995,drama
2996,comedy
2997,drama
2998,adventure
2999,comedy
3000,comedy
3001,comedy
3002,comedy
3003,comedy
3004,romance
3005,comedy
3006,drama
3007,comedy
3008,drama
3009,drama
3010,comedy
3011,drama
3012,comedy
3013,adventure
3014,drama
3015,comedy
3016,comedy
3017,drama
3018,comedy
3019,drama
3020,western
3021,action
3022,comedy
3023,comedy
3024,drama
3025,drama
3026,comedy
3027,action
3028,horror
3029,drama
3030,drama
3031,horror
3032,drama
3033,western
3034,drama
3035,comedy
3036,drama
3037,horror
3038,comedy
3039,comedy
3040,adventure
3041,comedy
3042,horror
3043,drama
3044,drama
3045,drama
3046,comedy
3047,drama
3048,drama
3049,drama
3050,comedy
3051,romance
3052,drama
3053,drama
3054,drama
3055,comedy
3056,drama
3057,drama
3058,drama
3059,romance
3060,comedy
3061,comedy
3062,drama
3063,drama
3064,drama
3065,comedy
3066,western
3067,drama
3068,romance
3069,comedy
3070,drama
3071,drama
3072,comedy
3073,drama
3074,drama
3075,comedy
3076,drama
3077,drama
3078,drama
3079,action
3080,horror
3081,comedy
3082,drama
3083,comedy
3084,drama
3085,drama
3086,comedy
3087,drama
3088,drama
3089,comedy
3090,drama
3091,comedy
3092,horror
3093,comedy
3094,comedy
3095,comedy
3096,drama
3097,drama
3098,comedy
3099,drama
3100,comedy
3101,horror
3102,comedy
3103,drama
3104,drama
3105,comedy
3106,drama
3107,comedy
3108,comedy
3109,drama
3110,drama
3111,comedy
3112,comedy
3113,comedy
3114,action
3115,adventure
3116,comedy
3117,drama
3118,comedy
3119,drama
3120,drama
3121,action
3122,drama
3123,comedy
3124,comedy
3125,comedy
3126,drama
3127,comedy
3128,action
3129,drama
3130,comedy
3131,comedy
3132,drama
3133,drama
3134,comedy
3135,action
3136,drama
3137,western
3138,comedy
3139,drama
3140,drama
3141,horror
3142,drama
3143,drama
3144,comedy
3145,drama
3146,comedy
3147,drama
3148,comedy
3149,drama
3150,drama
3151,action
3152,drama
3153,drama
3154,drama
3155,romance
3156,comedy
3157,western
3158,drama
3159,adventure
3160,drama
3161,drama
3162,comedy
3163,drama
3164,comedy
3165,comedy
3166,drama
3167,drama
3168,horror
3169,horror
3170,drama
3171,comedy
3172,drama
3173,horror
3174,drama
3175,comedy
3176,romance
3177,drama
3178,comedy
3179,drama
3180,drama
3181,drama
3182,comedy
3183,drama
3184,drama
3185,comedy
3186,drama
3187,drama
3188,drama
3189,drama
3190,drama
3191,drama
3192,drama
3193,comedy
3194,action
3195,horror
3196,comedy
3197,drama
3198,comedy
3199,drama
3200,drama
3201,drama
3202,drama
3203,drama
3204,drama
3205,drama
3206,drama
3207,drama
3208,comedy
3209,drama
3210,drama
3211,comedy
3212,adventure
3213,drama
3214,romance
3215,comedy
3216,comedy
3217,comedy
3218,drama
3219,comedy
3220,comedy
3221,drama
3222,comedy
3223,drama
3224,drama
3225,drama
3226,drama
3227,comedy
3228,drama
3229,comedy
3230,horror
3231,drama
3232,comedy
3233,drama
3234,drama
3235,comedy
3236,drama
3237,drama
3238,crime
3239,drama
3240,comedy
3241,drama
3242,drama
3243,drama
3244,drama
3245,drama
3246,comedy
3247,comedy
3248,drama
3249,drama
3250,comedy
3251,drama
3252,drama
3253,drama
3254,comedy
3255,crime
3256,comedy
3257,horror
3258,drama
3259,drama
3260,drama
3261,drama
3262,drama
3263,comedy
3264,comedy
3265,drama
3266,romance
3267,thriller
3268,drama
3269,horror
3270,romance
3271,western
3272,drama
3273,drama
3274,drama
3275,drama
3276,action
3277,drama
3278,drama
3279,drama
3280,drama
3281,romance
3282,drama
3283,western
3284,drama
3285,horror
3286,drama
3287,drama
3288,drama
3289,comedy
3290,comedy
3291,drama
